id,first_name,last_name,email
1,Kare,Sabbatier,
2,Renault,Carl,rcarl1@toplist.cz
3,Candi,Dowall,
4,Roana,Dealy,rdealy3@w3.org
5,Angelika,Stormonth,astormonth4@behance.net
6,Titos,Castan,tcastan5@washington.edu
7,Chrissie,,cgaineofengland6@apple.com
8,Bryanty,Blasoni,bblasoni7@nytimes.com
9,Caz,Baitson,
10,Briney,Huckel,bhuckel9@economist.com
11,Wilow,Wheelband,wwheelbanda@reference.com
12,Corabelle,,catrillb@example.com
13,Libbi,Latore,llatorec@reference.com
14,Garnet,,gtookilld@symantec.com
15,Alexina,Tweddell,atweddelle@youtube.com
16,Mariel,Ivashkin,mivashkinf@prnewswire.com
17,Fidelia,Mathwen,fmathweng@creativecommons.org
18,Dniren,,
19,Leanor,Bartram,lbartrami@forbes.com
20,Kelsey,Schanke,kschankej@netlog.com
21,Lissy,Crawshay,lcrawshayk@squarespace.com
22,Felix,Osburn,
23,Harley,O'Teague,hoteaguem@hc360.com
24,Roshelle,,rdooren@jimdo.com
25,Lenee,Lax,llaxo@timesonline.co.uk
26,Camellia,Thorington,cthoringtonp@businesswire.com
27,Allix,Keelan,akeelanq@independent.co.uk
28,Blakeley,Thame,bthamer@livejournal.com
29,Even,Dexter,edexters@51.la
30,Brooke,,bmorenot@google.it
31,Ilysa,,ibrewettu@howstuffworks.com
32,Reinaldo,Feldstein,rfeldsteinv@usatoday.com
33,Truman,Antonazzi,tantonazziw@flickr.com
34,Shurlock,,sbenoisx@pinterest.com
35,Meriel,Josselson,mjosselsony@thetimes.co.uk
36,Arlinda,Shoebridge,ashoebridgez@free.fr
37,Violante,Goodanew,vgoodanew10@census.gov
38,Alaric,Halley,ahalley11@archive.org
39,Savina,,sbeadham12@si.edu
40,Sydney,Stower,sstower13@blogspot.com
41,William,Brick,wbrick14@kickstarter.com
42,Benjie,Risbrough,brisbrough15@lycos.com
43,Hunfredo,Sickamore,
44,Alica,Bursnoll,abursnoll17@cnn.com
45,Mara,Harrild,mharrild18@g.co
46,Kyrstin,Brockington,kbrockington19@smh.com.au
47,Bailie,Bresman,bbresman1a@csmonitor.com
48,Puff,Oen,
49,Rhodia,Petracek,rpetracek1c@taobao.com
50,Wilfrid,Donati,wdonati1d@baidu.com
51,Iona,,ikloster1e@hubpages.com
52,Papagena,Dmych,
53,Elisha,,emuffin1g@tripod.com
54,Edwin,,
55,Evangelia,Bracey,ebracey1i@vk.com
56,Britni,Cavalier,bcavalier1j@youku.com
57,Annetta,Pomfrett,apomfrett1k@stanford.edu
58,Sinclair,Van den Bosch,svandenbosch1l@woothemes.com
59,Raddy,Ashmore,
60,Emilio,,ewestfrimley1n@businessinsider.com
61,Krista,Learmouth,klearmouth1o@jimdo.com
62,Valentine,,vcoverley1p@howstuffworks.com
63,Junina,Desson,
64,Orran,,oviggers1r@trellian.com
65,Galina,O'Sherin,
66,Riannon,Fayers,rfayers1t@kickstarter.com
67,Auguste,Gennings,agennings1u@myspace.com
68,Standford,,
69,Keene,Soal,ksoal1w@so-net.ne.jp
70,Valentine,MacAne,vmacane1x@nature.com
71,Vito,Eisold,veisold1y@linkedin.com
72,Maxwell,Sandeman,msandeman1z@is.gd
73,Des,,dhaglington20@mozilla.com
74,Erroll,Warcop,ewarcop21@ameblo.jp
75,Jilleen,,jceschi22@princeton.edu
76,Fay,Broggelli,fbroggelli23@hatena.ne.jp
77,Yancey,Dwyer,ydwyer24@google.ca
78,Abagael,Perryman,aperryman25@printfriendly.com
79,Malva,,msothcott26@hao123.com
80,Maxine,Morville,mmorville27@printfriendly.com
81,Cordy,Dennerly,cdennerly28@linkedin.com
82,Devi,Doore,ddoore29@earthlink.net
83,Lutero,McCarroll,lmccarroll2a@msu.edu
84,Ingeborg,Crippin,icrippin2b@homestead.com
85,Terrie,,tguirardin2c@nbcnews.com
86,Peyter,Adnams,padnams2d@reuters.com
87,Bryce,Hughes,bhughes2e@jiathis.com
88,Bette,Ginnane,bginnane2f@sciencedaily.com
89,Kellen,,kpennycock2g@ftc.gov
90,Sam,Dudny,sdudny2h@moonfruit.com
91,Darby,Doull,
92,Sandro,Chantrell,schantrell2j@ibm.com
93,Kelci,Kinforth,kkinforth2k@google.pl
94,Hermine,Delepine,hdelepine2l@uiuc.edu
95,Major,Guess,mguess2m@dedecms.com
96,Carolann,Showt,
97,Lammond,Brickham,lbrickham2o@tinypic.com
98,Birdie,,bfindon2p@geocities.com
99,Cher,Janning,cjanning2q@icio.us
100,Neale,,nhathwood2r@typepad.com
